{
  "medicines": [
    {
      "id": 1,
      "name": "json-server",
      "price": 23,
      "expiry": 2024
    },
    {
      "id": 2,
      "name": "json-server",
      "price": 23,
      "expiry": 2024
    },
    {
      "id": 3,
      "name": "json-server",
      "price": 23,
      "expiry": 2024
    },
    {
      "id": 7,
      "name": "Rushita Thummar",
      "price": 23,
      "expiry": 2024
    },
    {
      "id": 8,
      "name": "Rushita Thummar",
      "price": 23,
      "expiry": 2024
    },
    {
      "id": 10,
      "name": "Rushita Thummar",
      "price": 23,
      "expiry": 2024
    },
    {
      "id": 11
    },
    {
      "id": 12
    }
  ],
  "comments": [
    {
      "id": 1,
      "body": "some comment",
      "postId": 1
    }
  ],
  "profile": {
    "name": "typicode"
  }
}