{
  "posts": [
    {
      "id": 1,
      "title": "json-server",
      "author": "typicode"
    },
    {
      "id": 2,
      "title": "json-server",
      "author": "typicode"
    },
    {
      "id": 3,
      "title": "json-server",
      "author": "typicode"
    },
    {
      "id": 7,
      "title": "Rushita Thummar",
      "author": "Thummar"
    },
    {
      "id": 8,
      "title": "Rushita Thummar",
      "author": "Thummar"
    }
  ],
  "comments": [
    {
      "id": 1,
      "body": "some comment",
      "postId": 1
    }
  ],
  "profile": {
    "name": "typicode"
  }
}